{"cameraMode":{"drawMode":0,"name":"Shaded","section":"Shading Mode"},"sceneLighting":true,"audioPlay":false,"sceneViewState":{"showFog":true,"showMaterialUpdate":false,"showSkybox":true,"showFlares":true,"showImageEffects":true,"showParticleSystems":true},"in2DMode":false,"pivot":{"x":-0.07639193534851074,"y":2.4985697269439699,"z":0.0},"rotation":{"x":-0.15075017511844636,"y":0.5778721570968628,"z":-0.10963889956474304,"w":-0.7945585250854492},"size":8.68566608428955,"orthographic":false}