{"cameraMode":{"drawMode":0,"name":"Shaded","section":"Shading Mode"},"sceneLighting":true,"audioPlay":false,"sceneViewState":{"showFog":true,"showMaterialUpdate":false,"showSkybox":true,"showFlares":true,"showImageEffects":true,"showParticleSystems":true},"in2DMode":false,"pivot":{"x":-0.010277807712554932,"y":4.178420066833496,"z":-0.7385094165802002},"rotation":{"x":0.14323237538337708,"y":0.0608249194920063,"z":-0.008820251561701298,"w":0.9877829551696777},"size":34.45851516723633,"orthographic":false}