{"cameraMode":{"drawMode":0,"name":"Shaded","section":"Shading Mode"},"sceneLighting":true,"audioPlay":false,"sceneViewState":{"showFog":true,"showMaterialUpdate":false,"showSkybox":true,"showFlares":true,"showImageEffects":true,"showParticleSystems":true},"in2DMode":false,"pivot":{"x":7.747430801391602,"y":4.3668317794799809,"z":4.242645740509033},"rotation":{"x":0.09758078306913376,"y":0.6997291445732117,"z":-0.09739774465560913,"w":0.7009928226470947},"size":21.15067481994629,"orthographic":false}