{"cameraMode":{"drawMode":0,"name":"Shaded","section":"Shading Mode"},"sceneLighting":true,"audioPlay":false,"sceneViewState":{"showFog":true,"showMaterialUpdate":false,"showSkybox":true,"showFlares":true,"showImageEffects":true,"showParticleSystems":true},"in2DMode":false,"pivot":{"x":2.6560873985290529,"y":6.438925743103027,"z":1.2543503046035767},"rotation":{"x":0.4834873676300049,"y":-0.49008914828300478,"z":0.3858085572719574,"w":0.6141742467880249},"size":15.596256256103516,"orthographic":false}