{"cameraMode":{"drawMode":0,"name":"Shaded","section":"Shading Mode"},"sceneLighting":true,"audioPlay":false,"sceneViewState":{"showFog":true,"showMaterialUpdate":false,"showSkybox":false,"showFlares":true,"showImageEffects":true,"showParticleSystems":true},"in2DMode":false,"pivot":{"x":-0.008509242907166481,"y":0.0030396878719329836,"z":-0.004294723272323608},"rotation":{"x":-0.01586638018488884,"y":-0.7084261178970337,"z":-0.01595180295407772,"w":0.7054535746574402},"size":0.8398734927177429,"orthographic":false}