{"cameraMode":{"drawMode":0,"name":"Shaded","section":"Shading Mode"},"sceneLighting":true,"audioPlay":false,"sceneViewState":{"showFog":true,"showMaterialUpdate":false,"showSkybox":false,"showFlares":true,"showImageEffects":true,"showParticleSystems":true},"in2DMode":false,"pivot":{"x":-0.008509242907166481,"y":0.0030396878719329836,"z":-0.004294723272323608},"rotation":{"x":0.08177248388528824,"y":-0.5194424986839294,"z":0.050012338906526569,"w":0.8491335511207581},"size":2.0398733615875246,"orthographic":false}