{"cameraMode":{"drawMode":0,"name":"Shaded","section":"Shading Mode"},"sceneLighting":false,"audioPlay":false,"sceneViewState":{"showFog":true,"showMaterialUpdate":false,"showSkybox":false,"showFlares":true,"showImageEffects":true,"showParticleSystems":true},"in2DMode":false,"pivot":{"x":0.5887138843536377,"y":3.3112850189208986,"z":0.9455252289772034},"rotation":{"x":0.05870994180440903,"y":-0.7630685567855835,"z":0.07001679390668869,"w":0.6398550271987915},"size":2.88765025138855,"orthographic":false}